{
    "accuracy": 0.68,
    "precision": 0.6212121212121212,
    "recall": 0.7321428571428571,
    "auc": 0.7349896480331263
}